  2.5000e+01           ,0
  2.5002e+01           ,6.2500e-03
  2.5008e+01           ,1.2500e-02
  2.5018e+01           ,1.8750e-02
  2.5032e+01           ,2.5000e-02
  2.5049e+01           ,3.1250e-02
  2.5071e+01           ,3.7500e-02
  2.5097e+01           ,4.3750e-02
  2.5126e+01           ,5.0000e-02
  2.5160e+01           ,5.6250e-02
  2.5198e+01           ,6.2500e-02
  2.5239e+01           ,6.8750e-02
  2.5285e+01           ,7.5000e-02
  2.5335e+01           ,8.1250e-02
  2.5388e+01           ,8.7500e-02
  2.5446e+01           ,9.3750e-02
  2.5507e+01           ,1.0000e-01
  2.5573e+01           ,1.0625e-01
  2.5643e+01           ,1.1250e-01
  2.5716e+01           ,1.1875e-01
  2.5794e+01           ,1.2500e-01
  2.5875e+01           ,1.3125e-01
  2.5961e+01           ,1.3750e-01
  2.6050e+01           ,1.4375e-01
  2.6143e+01           ,1.5000e-01
  2.6240e+01           ,1.5625e-01
  2.6342e+01           ,1.6250e-01
  2.6447e+01           ,1.6875e-01
  2.6556e+01           ,1.7500e-01
  2.6668e+01           ,1.8125e-01
  2.6785e+01           ,1.8750e-01
  2.6906e+01           ,1.9375e-01
  2.7030e+01           ,2.0000e-01
  2.7158e+01           ,2.0625e-01
  2.7290e+01           ,2.1250e-01
  2.7426e+01           ,2.1875e-01
  2.7565e+01           ,2.2500e-01
  2.7709e+01           ,2.3125e-01
  2.7856e+01           ,2.3750e-01
  2.8006e+01           ,2.4375e-01
  2.8161e+01           ,2.5000e-01
  2.8319e+01           ,2.5625e-01
  2.8480e+01           ,2.6250e-01
  2.8645e+01           ,2.6875e-01
  2.8814e+01           ,2.7500e-01
  2.8986e+01           ,2.8125e-01
  2.9162e+01           ,2.8750e-01
  2.9341e+01           ,2.9375e-01
  2.9524e+01           ,3.0000e-01
  2.9710e+01           ,3.0625e-01
  2.9899e+01           ,3.1250e-01
  3.0092e+01           ,3.1875e-01
  3.0288e+01           ,3.2500e-01
  3.0487e+01           ,3.3125e-01
  3.0690e+01           ,3.3750e-01
  3.0896e+01           ,3.4375e-01
  3.1104e+01           ,3.5000e-01
  3.1316e+01           ,3.5625e-01
  3.1532e+01           ,3.6250e-01
  3.1750e+01           ,3.6875e-01
  3.1971e+01           ,3.7500e-01
  3.2195e+01           ,3.8125e-01
  3.2422e+01           ,3.8750e-01
  3.2652e+01           ,3.9375e-01
  3.2884e+01           ,4.0000e-01
  3.3120e+01           ,4.0625e-01
  3.3358e+01           ,4.1250e-01
  3.3599e+01           ,4.1875e-01
  3.3842e+01           ,4.2500e-01
  3.4088e+01           ,4.3125e-01
  3.4337e+01           ,4.3750e-01
  3.4588e+01           ,4.4375e-01
  3.4842e+01           ,4.5000e-01
  3.5098e+01           ,4.5625e-01
  3.5356e+01           ,4.6250e-01
  3.5616e+01           ,4.6875e-01
  3.5879e+01           ,4.7500e-01
  3.6144e+01           ,4.8125e-01
  3.6411e+01           ,4.8750e-01
  3.6680e+01           ,4.9375e-01
  3.6951e+01           ,5.0000e-01
  3.7224e+01           ,5.0625e-01
  3.7499e+01           ,5.1250e-01
  3.7776e+01           ,5.1875e-01
  3.8055e+01           ,5.2500e-01
  3.8335e+01           ,5.3125e-01
  3.8617e+01           ,5.3750e-01
  3.8900e+01           ,5.4375e-01
  3.9185e+01           ,5.5000e-01
  3.9472e+01           ,5.5625e-01
  3.9760e+01           ,5.6250e-01
  4.0049e+01           ,5.6875e-01
  4.0340e+01           ,5.7500e-01
  4.0631e+01           ,5.8125e-01
  4.0924e+01           ,5.8750e-01
  4.1218e+01           ,5.9375e-01
  4.1514e+01           ,6.0000e-01
  4.1810e+01           ,6.0625e-01
  4.2107e+01           ,6.1250e-01
  4.2405e+01           ,6.1875e-01
  4.2703e+01           ,6.2500e-01
  4.3003e+01           ,6.3125e-01
  4.3303e+01           ,6.3750e-01
  4.3603e+01           ,6.4375e-01
  4.3905e+01           ,6.5000e-01
  4.4206e+01           ,6.5625e-01
  4.4508e+01           ,6.6250e-01
  4.4811e+01           ,6.6875e-01
  4.5113e+01           ,6.7500e-01
  4.5416e+01           ,6.8125e-01
  4.5719e+01           ,6.8750e-01
  4.6022e+01           ,6.9375e-01
  4.6326e+01           ,7.0000e-01
  4.6629e+01           ,7.0625e-01
  4.6932e+01           ,7.1250e-01
  4.7234e+01           ,7.1875e-01
  4.7537e+01           ,7.2500e-01
  4.7839e+01           ,7.3125e-01
  4.8141e+01           ,7.3750e-01
  4.8442e+01           ,7.4375e-01
  4.8743e+01           ,7.5000e-01
  4.9044e+01           ,7.5625e-01
  4.9344e+01           ,7.6250e-01
  4.9643e+01           ,7.6875e-01
  4.9941e+01           ,7.7500e-01
  5.0238e+01           ,7.8125e-01
  5.0535e+01           ,7.8750e-01
  5.0831e+01           ,7.9375e-01
  5.1126e+01           ,8.0000e-01
  5.1419e+01           ,8.0625e-01
  5.1712e+01           ,8.1250e-01
  5.2003e+01           ,8.1875e-01
  5.2294e+01           ,8.2500e-01
  5.2583e+01           ,8.3125e-01
  5.2870e+01           ,8.3750e-01
  5.3156e+01           ,8.4375e-01
  5.3441e+01           ,8.5000e-01
  5.3725e+01           ,8.5625e-01
  5.4006e+01           ,8.6250e-01
  5.4286e+01           ,8.6875e-01
  5.4565e+01           ,8.7500e-01
  5.4842e+01           ,8.8125e-01
  5.5117e+01           ,8.8750e-01
  5.5390e+01           ,8.9375e-01
  5.5661e+01           ,9.0000e-01
  5.5931e+01           ,9.0625e-01
  5.6198e+01           ,9.1250e-01
  5.6464e+01           ,9.1875e-01
  5.6727e+01           ,9.2500e-01
  5.6989e+01           ,9.3125e-01
  5.7248e+01           ,9.3750e-01
  5.7505e+01           ,9.4375e-01
  5.7760e+01           ,9.5000e-01
  5.8013e+01           ,9.5625e-01
  5.8263e+01           ,9.6250e-01
  5.8511e+01           ,9.6875e-01
  5.8756e+01           ,9.7500e-01
  5.9000e+01           ,9.8125e-01
  5.9240e+01           ,9.8750e-01
  5.9479e+01           ,9.9375e-01
  5.9715e+01           ,1.0000e+00
  5.9948e+01           ,1.0063e+00
  6.0179e+01           ,1.0125e+00
  6.0407e+01           ,1.0188e+00
  6.0632e+01           ,1.0250e+00
  6.0855e+01           ,1.0312e+00
  6.1075e+01           ,1.0375e+00
  6.1293e+01           ,1.0437e+00
  6.1508e+01           ,1.0500e+00
  6.1720e+01           ,1.0563e+00
  6.1929e+01           ,1.0625e+00
  6.2135e+01           ,1.0688e+00
  6.2339e+01           ,1.0750e+00
  6.2540e+01           ,1.0813e+00
  6.2738e+01           ,1.0875e+00
  6.2933e+01           ,1.0938e+00
  6.3125e+01           ,1.1000e+00
  6.3315e+01           ,1.1062e+00
  6.3501e+01           ,1.1125e+00
  6.3685e+01           ,1.1188e+00
  6.3865e+01           ,1.1250e+00
  6.4043e+01           ,1.1313e+00
  6.4218e+01           ,1.1375e+00
  6.4390e+01           ,1.1438e+00
  6.4559e+01           ,1.1500e+00
  6.4725e+01           ,1.1562e+00
  6.4888e+01           ,1.1625e+00
  6.5049e+01           ,1.1687e+00
  6.5206e+01           ,1.1750e+00
  6.5360e+01           ,1.1813e+00
  6.5512e+01           ,1.1875e+00
  6.5660e+01           ,1.1938e+00
  6.5806e+01           ,1.2000e+00
  6.5949e+01           ,1.2063e+00
  6.6089e+01           ,1.2125e+00
  6.6226e+01           ,1.2188e+00
  6.6360e+01           ,1.2250e+00
  6.6491e+01           ,1.2313e+00
  6.6620e+01           ,1.2375e+00
  6.6745e+01           ,1.2438e+00
  6.6868e+01           ,1.2500e+00
  6.6988e+01           ,1.2563e+00
  6.7105e+01           ,1.2625e+00
  6.7220e+01           ,1.2688e+00
  6.7331e+01           ,1.2750e+00
  6.7440e+01           ,1.2812e+00
  6.7547e+01           ,1.2875e+00
  6.7650e+01           ,1.2938e+00
  6.7751e+01           ,1.3000e+00
  6.7850e+01           ,1.3063e+00
  6.7946e+01           ,1.3125e+00
  6.8039e+01           ,1.3188e+00
  6.8130e+01           ,1.3250e+00
  6.8218e+01           ,1.3313e+00
  6.8304e+01           ,1.3375e+00
  6.8387e+01           ,1.3438e+00
  6.8468e+01           ,1.3500e+00
  6.8546e+01           ,1.3563e+00
  6.8623e+01           ,1.3625e+00
  6.8697e+01           ,1.3688e+00
  6.8768e+01           ,1.3750e+00
  6.8838e+01           ,1.3813e+00
  6.8905e+01           ,1.3875e+00
  6.8970e+01           ,1.3938e+00
  6.9033e+01           ,1.4000e+00
  6.9094e+01           ,1.4062e+00
  6.9153e+01           ,1.4125e+00
  6.9209e+01           ,1.4188e+00
  6.9264e+01           ,1.4250e+00
  6.9317e+01           ,1.4313e+00
  6.9368e+01           ,1.4375e+00
  6.9418e+01           ,1.4438e+00
  6.9465e+01           ,1.4500e+00
  6.9511e+01           ,1.4563e+00
  6.9555e+01           ,1.4625e+00
  6.9598e+01           ,1.4688e+00
  6.9638e+01           ,1.4750e+00
  6.9678e+01           ,1.4813e+00
  6.9716e+01           ,1.4875e+00
  6.9752e+01           ,1.4938e+00
  6.9787e+01           ,1.5000e+00
  6.9821e+01           ,1.5063e+00
  6.9853e+01           ,1.5125e+00
  6.9884e+01           ,1.5188e+00
  6.9914e+01           ,1.5250e+00
  6.9943e+01           ,1.5312e+00
  6.9971e+01           ,1.5375e+00
  6.9997e+01           ,1.5438e+00
  7.0023e+01           ,1.5500e+00
  7.0048e+01           ,1.5563e+00
  7.0072e+01           ,1.5625e+00
  7.0094e+01           ,1.5688e+00
  7.0117e+01           ,1.5750e+00
  7.0138e+01           ,1.5813e+00
  7.0159e+01           ,1.5875e+00
  7.0179e+01           ,1.5938e+00
  7.0199e+01           ,1.6000e+00
  7.0218e+01           ,1.6063e+00
  7.0236e+01           ,1.6125e+00
  7.0255e+01           ,1.6188e+00
  7.0273e+01           ,1.6250e+00
  7.0290e+01           ,1.6313e+00
  7.0307e+01           ,1.6375e+00
  7.0324e+01           ,1.6438e+00
  7.0341e+01           ,1.6500e+00
  7.0358e+01           ,1.6562e+00
  7.0375e+01           ,1.6625e+00
  7.0392e+01           ,1.6688e+00
  7.0409e+01           ,1.6750e+00
  7.0426e+01           ,1.6813e+00
  7.0443e+01           ,1.6875e+00
  7.0461e+01           ,1.6938e+00
  7.0478e+01           ,1.7000e+00
  7.0496e+01           ,1.7063e+00
  7.0515e+01           ,1.7125e+00
  7.0534e+01           ,1.7188e+00
  7.0553e+01           ,1.7250e+00
  7.0573e+01           ,1.7313e+00
  7.0594e+01           ,1.7375e+00
  7.0615e+01           ,1.7438e+00
  7.0637e+01           ,1.7500e+00
  7.0659e+01           ,1.7563e+00
  7.0683e+01           ,1.7625e+00
  7.0707e+01           ,1.7688e+00
  7.0732e+01           ,1.7750e+00
  7.0758e+01           ,1.7812e+00
  7.0785e+01           ,1.7875e+00
  7.0814e+01           ,1.7938e+00
  7.0843e+01           ,1.8000e+00
  7.0873e+01           ,1.8063e+00
  7.0905e+01           ,1.8125e+00
  7.0938e+01           ,1.8188e+00
  7.0972e+01           ,1.8250e+00
  7.1007e+01           ,1.8313e+00
  7.1044e+01           ,1.8375e+00
  7.1082e+01           ,1.8438e+00
  7.1122e+01           ,1.8500e+00
  7.1163e+01           ,1.8563e+00
  7.1206e+01           ,1.8625e+00
  7.1250e+01           ,1.8688e+00
  7.1296e+01           ,1.8750e+00
  7.1344e+01           ,1.8813e+00
  7.1393e+01           ,1.8875e+00
  7.1444e+01           ,1.8938e+00
  7.1497e+01           ,1.9000e+00
  7.1552e+01           ,1.9062e+00
  7.1608e+01           ,1.9125e+00
  7.1667e+01           ,1.9188e+00
  7.1727e+01           ,1.9250e+00
  7.1790e+01           ,1.9313e+00
  7.1854e+01           ,1.9375e+00
  7.1921e+01           ,1.9438e+00
  7.1990e+01           ,1.9500e+00
  7.2061e+01           ,1.9563e+00
  7.2134e+01           ,1.9625e+00
  7.2209e+01           ,1.9688e+00
  7.2286e+01           ,1.9750e+00
  7.2366e+01           ,1.9813e+00
  7.2448e+01           ,1.9875e+00
  7.2532e+01           ,1.9938e+00
  7.2619e+01           ,2.0000e+00
  7.2708e+01           ,2.0063e+00
  7.2800e+01           ,2.0125e+00
  7.2893e+01           ,2.0188e+00
  7.2990e+01           ,2.0250e+00
  7.3089e+01           ,2.0312e+00
  7.3190e+01           ,2.0375e+00
  7.3294e+01           ,2.0438e+00
  7.3401e+01           ,2.0500e+00
  7.3510e+01           ,2.0562e+00
  7.3622e+01           ,2.0625e+00
  7.3736e+01           ,2.0688e+00
  7.3853e+01           ,2.0750e+00
  7.3973e+01           ,2.0813e+00
  7.4095e+01           ,2.0875e+00
  7.4220e+01           ,2.0938e+00
  7.4348e+01           ,2.1000e+00
  7.4479e+01           ,2.1063e+00
  7.4612e+01           ,2.1125e+00
  7.4748e+01           ,2.1187e+00
  7.4887e+01           ,2.1250e+00
  7.5029e+01           ,2.1313e+00
  7.5174e+01           ,2.1375e+00
  7.5321e+01           ,2.1438e+00
  7.5471e+01           ,2.1500e+00
  7.5624e+01           ,2.1562e+00
  7.5780e+01           ,2.1625e+00
  7.5939e+01           ,2.1688e+00
  7.6101e+01           ,2.1750e+00
  7.6265e+01           ,2.1812e+00
  7.6432e+01           ,2.1875e+00
  7.6603e+01           ,2.1938e+00
  7.6776e+01           ,2.2000e+00
  7.6952e+01           ,2.2063e+00
  7.7131e+01           ,2.2125e+00
  7.7313e+01           ,2.2188e+00
  7.7497e+01           ,2.2250e+00
  7.7685e+01           ,2.2313e+00
  7.7875e+01           ,2.2375e+00
  7.8068e+01           ,2.2437e+00
  7.8265e+01           ,2.2500e+00
  7.8464e+01           ,2.2563e+00
  7.8665e+01           ,2.2625e+00
  7.8870e+01           ,2.2688e+00
  7.9078e+01           ,2.2750e+00
  7.9288e+01           ,2.2812e+00
  7.9501e+01           ,2.2875e+00
  7.9717e+01           ,2.2938e+00
  7.9936e+01           ,2.3000e+00
  8.0157e+01           ,2.3062e+00
  8.0381e+01           ,2.3125e+00
  8.0608e+01           ,2.3188e+00
  8.0838e+01           ,2.3250e+00
  8.1070e+01           ,2.3313e+00
  8.1305e+01           ,2.3375e+00
  8.1543e+01           ,2.3438e+00
  8.1783e+01           ,2.3500e+00
  8.2026e+01           ,2.3563e+00
  8.2272e+01           ,2.3625e+00
  8.2520e+01           ,2.3687e+00
  8.2771e+01           ,2.3750e+00
  8.3024e+01           ,2.3813e+00
  8.3279e+01           ,2.3875e+00
  8.3538e+01           ,2.3938e+00
  8.3798e+01           ,2.4000e+00
  8.4061e+01           ,2.4062e+00
  8.4326e+01           ,2.4125e+00
  8.4594e+01           ,2.4188e+00
  8.4864e+01           ,2.4250e+00
  8.5136e+01           ,2.4313e+00
  8.5410e+01           ,2.4375e+00
  8.5687e+01           ,2.4438e+00
  8.5965e+01           ,2.4500e+00
  8.6246e+01           ,2.4563e+00
  8.6529e+01           ,2.4625e+00
  8.6814e+01           ,2.4688e+00
  8.7101e+01           ,2.4750e+00
  8.7389e+01           ,2.4813e+00
  8.7680e+01           ,2.4875e+00
  8.7973e+01           ,2.4938e+00
  8.8267e+01           ,2.5000e+00
  8.8563e+01           ,2.5063e+00
  8.8861e+01           ,2.5125e+00
  8.9160e+01           ,2.5188e+00
  8.9462e+01           ,2.5250e+00
  8.9764e+01           ,2.5312e+00
  9.0069e+01           ,2.5375e+00
  9.0374e+01           ,2.5438e+00
  9.0681e+01           ,2.5500e+00
  9.0990e+01           ,2.5563e+00
  9.1300e+01           ,2.5625e+00
  9.1611e+01           ,2.5688e+00
  9.1923e+01           ,2.5750e+00
  9.2237e+01           ,2.5813e+00
  9.2551e+01           ,2.5875e+00
  9.2867e+01           ,2.5938e+00
  9.3184e+01           ,2.6000e+00
  9.3501e+01           ,2.6063e+00
  9.3820e+01           ,2.6125e+00
  9.4139e+01           ,2.6188e+00
  9.4460e+01           ,2.6250e+00
  9.4780e+01           ,2.6313e+00
  9.5102e+01           ,2.6375e+00
  9.5424e+01           ,2.6438e+00
  9.5747e+01           ,2.6500e+00
  9.6070e+01           ,2.6562e+00
  9.6394e+01           ,2.6625e+00
  9.6717e+01           ,2.6688e+00
  9.7042e+01           ,2.6750e+00
  9.7366e+01           ,2.6813e+00
  9.7691e+01           ,2.6875e+00
  9.8016e+01           ,2.6938e+00
  9.8341e+01           ,2.7000e+00
  9.8666e+01           ,2.7063e+00
  9.8991e+01           ,2.7125e+00
  9.9316e+01           ,2.7188e+00
  9.9641e+01           ,2.7250e+00
  9.9965e+01           ,2.7313e+00
  1.0029e+02           ,2.7375e+00
  1.0061e+02           ,2.7438e+00
  1.0094e+02           ,2.7500e+00
  1.0126e+02           ,2.7563e+00
  1.0158e+02           ,2.7625e+00
  1.0190e+02           ,2.7688e+00
  1.0223e+02           ,2.7750e+00
  1.0255e+02           ,2.7812e+00
  1.0287e+02           ,2.7875e+00
  1.0319e+02           ,2.7938e+00
  1.0350e+02           ,2.8000e+00
  1.0382e+02           ,2.8063e+00
  1.0414e+02           ,2.8125e+00
  1.0445e+02           ,2.8188e+00
  1.0477e+02           ,2.8250e+00
  1.0508e+02           ,2.8313e+00
  1.0540e+02           ,2.8375e+00
  1.0571e+02           ,2.8438e+00
  1.0602e+02           ,2.8500e+00
  1.0633e+02           ,2.8563e+00
  1.0663e+02           ,2.8625e+00
  1.0694e+02           ,2.8688e+00
  1.0724e+02           ,2.8750e+00
  1.0755e+02           ,2.8813e+00
  1.0785e+02           ,2.8875e+00
  1.0815e+02           ,2.8938e+00
  1.0845e+02           ,2.9000e+00
  1.0875e+02           ,2.9062e+00
  1.0904e+02           ,2.9125e+00
  1.0933e+02           ,2.9188e+00
  1.0963e+02           ,2.9250e+00
  1.0992e+02           ,2.9313e+00
  1.1021e+02           ,2.9375e+00
  1.1049e+02           ,2.9438e+00
  1.1078e+02           ,2.9500e+00
  1.1106e+02           ,2.9563e+00
  1.1134e+02           ,2.9625e+00
  1.1162e+02           ,2.9688e+00
  1.1190e+02           ,2.9750e+00
  1.1217e+02           ,2.9813e+00
  1.1245e+02           ,2.9875e+00
  1.1272e+02           ,2.9938e+00
  1.1299e+02           ,3.0000e+00
  1.1325e+02           ,3.0063e+00
  1.1352e+02           ,3.0125e+00
  1.1378e+02           ,3.0188e+00
  1.1404e+02           ,3.0250e+00
  1.1430e+02           ,3.0312e+00
  1.1456e+02           ,3.0375e+00
  1.1481e+02           ,3.0438e+00
  1.1507e+02           ,3.0500e+00
  1.1532e+02           ,3.0563e+00
  1.1557e+02           ,3.0625e+00
  1.1581e+02           ,3.0688e+00
  1.1606e+02           ,3.0750e+00
  1.1630e+02           ,3.0813e+00
  1.1654e+02           ,3.0875e+00
  1.1677e+02           ,3.0938e+00
  1.1701e+02           ,3.1000e+00
  1.1724e+02           ,3.1063e+00
  1.1747e+02           ,3.1125e+00
  1.1770e+02           ,3.1188e+00
  1.1793e+02           ,3.1250e+00
  1.1816e+02           ,3.1313e+00
  1.1838e+02           ,3.1375e+00
  1.1860e+02           ,3.1438e+00
  1.1882e+02           ,3.1500e+00
  1.1904e+02           ,3.1562e+00
  1.1925e+02           ,3.1625e+00
  1.1946e+02           ,3.1688e+00
  1.1967e+02           ,3.1750e+00
  1.1988e+02           ,3.1813e+00
  1.2009e+02           ,3.1875e+00
  1.2030e+02           ,3.1938e+00
  1.2050e+02           ,3.2000e+00
  1.2070e+02           ,3.2063e+00
  1.2090e+02           ,3.2125e+00
  1.2110e+02           ,3.2188e+00
  1.2130e+02           ,3.2250e+00
  1.2149e+02           ,3.2313e+00
  1.2168e+02           ,3.2375e+00
  1.2188e+02           ,3.2438e+00
  1.2207e+02           ,3.2500e+00
  1.2225e+02           ,3.2563e+00
  1.2244e+02           ,3.2625e+00
  1.2263e+02           ,3.2688e+00
  1.2281e+02           ,3.2750e+00
  1.2299e+02           ,3.2812e+00
  1.2318e+02           ,3.2875e+00
  1.2336e+02           ,3.2938e+00
  1.2354e+02           ,3.3000e+00
  1.2371e+02           ,3.3063e+00
  1.2389e+02           ,3.3125e+00
  1.2407e+02           ,3.3188e+00
  1.2424e+02           ,3.3250e+00
  1.2441e+02           ,3.3313e+00
  1.2459e+02           ,3.3375e+00
  1.2476e+02           ,3.3438e+00
  1.2493e+02           ,3.3500e+00
  1.2510e+02           ,3.3563e+00
  1.2527e+02           ,3.3625e+00
  1.2544e+02           ,3.3688e+00
  1.2561e+02           ,3.3750e+00
  1.2578e+02           ,3.3813e+00
  1.2594e+02           ,3.3875e+00
  1.2611e+02           ,3.3938e+00
  1.2628e+02           ,3.4000e+00
  1.2644e+02           ,3.4062e+00
  1.2661e+02           ,3.4125e+00
  1.2677e+02           ,3.4188e+00
  1.2694e+02           ,3.4250e+00
  1.2711e+02           ,3.4313e+00
  1.2727e+02           ,3.4375e+00
  1.2744e+02           ,3.4438e+00
  1.2760e+02           ,3.4500e+00
  1.2777e+02           ,3.4563e+00
  1.2793e+02           ,3.4625e+00
  1.2810e+02           ,3.4688e+00
  1.2827e+02           ,3.4750e+00
  1.2843e+02           ,3.4813e+00
  1.2860e+02           ,3.4875e+00
  1.2877e+02           ,3.4938e+00
  1.2894e+02           ,3.5000e+00
  1.2911e+02           ,3.5063e+00
  1.2927e+02           ,3.5125e+00
  1.2945e+02           ,3.5188e+00
  1.2962e+02           ,3.5250e+00
  1.2979e+02           ,3.5312e+00
  1.2996e+02           ,3.5375e+00
  1.3013e+02           ,3.5438e+00
  1.3031e+02           ,3.5500e+00
  1.3049e+02           ,3.5563e+00
  1.3066e+02           ,3.5625e+00
  1.3084e+02           ,3.5688e+00
  1.3102e+02           ,3.5750e+00
  1.3120e+02           ,3.5813e+00
  1.3138e+02           ,3.5875e+00
  1.3157e+02           ,3.5938e+00
  1.3175e+02           ,3.6000e+00
  1.3194e+02           ,3.6063e+00
  1.3212e+02           ,3.6125e+00
  1.3231e+02           ,3.6188e+00
  1.3250e+02           ,3.6250e+00
  1.3270e+02           ,3.6313e+00
  1.3289e+02           ,3.6375e+00
  1.3309e+02           ,3.6438e+00
  1.3328e+02           ,3.6500e+00
  1.3348e+02           ,3.6562e+00
  1.3369e+02           ,3.6625e+00
  1.3389e+02           ,3.6688e+00
  1.3409e+02           ,3.6750e+00
  1.3430e+02           ,3.6813e+00
  1.3451e+02           ,3.6875e+00
  1.3472e+02           ,3.6938e+00
  1.3494e+02           ,3.7000e+00
  1.3515e+02           ,3.7063e+00
  1.3537e+02           ,3.7125e+00
  1.3559e+02           ,3.7188e+00
  1.3581e+02           ,3.7250e+00
  1.3604e+02           ,3.7313e+00
  1.3626e+02           ,3.7375e+00
  1.3649e+02           ,3.7438e+00
  1.3672e+02           ,3.7500e+00
  1.3696e+02           ,3.7563e+00
  1.3719e+02           ,3.7625e+00
  1.3743e+02           ,3.7688e+00
  1.3767e+02           ,3.7750e+00
  1.3792e+02           ,3.7812e+00
  1.3816e+02           ,3.7875e+00
  1.3841e+02           ,3.7938e+00
  1.3866e+02           ,3.8000e+00
  1.3892e+02           ,3.8063e+00
  1.3917e+02           ,3.8125e+00
  1.3943e+02           ,3.8188e+00
  1.3969e+02           ,3.8250e+00
  1.3995e+02           ,3.8313e+00
  1.4022e+02           ,3.8375e+00
  1.4049e+02           ,3.8438e+00
  1.4076e+02           ,3.8500e+00
  1.4103e+02           ,3.8563e+00
  1.4131e+02           ,3.8625e+00
  1.4159e+02           ,3.8688e+00
  1.4187e+02           ,3.8750e+00
  1.4216e+02           ,3.8813e+00
  1.4244e+02           ,3.8875e+00
  1.4273e+02           ,3.8938e+00
  1.4302e+02           ,3.9000e+00
  1.4332e+02           ,3.9062e+00
  1.4361e+02           ,3.9125e+00
  1.4391e+02           ,3.9188e+00
  1.4421e+02           ,3.9250e+00
  1.4452e+02           ,3.9313e+00
  1.4482e+02           ,3.9375e+00
  1.4513e+02           ,3.9438e+00
  1.4544e+02           ,3.9500e+00
  1.4576e+02           ,3.9563e+00
  1.4607e+02           ,3.9625e+00
  1.4639e+02           ,3.9688e+00
  1.4671e+02           ,3.9750e+00
  1.4703e+02           ,3.9813e+00
  1.4736e+02           ,3.9875e+00
  1.4768e+02           ,3.9938e+00
  1.4801e+02           ,4.0000e+00
  1.4834e+02           ,4.0063e+00
  1.4867e+02           ,4.0125e+00
  1.4901e+02           ,4.0187e+00
  1.4935e+02           ,4.0250e+00
  1.4968e+02           ,4.0312e+00
  1.5003e+02           ,4.0375e+00
  1.5037e+02           ,4.0438e+00
  1.5071e+02           ,4.0500e+00
  1.5106e+02           ,4.0563e+00
  1.5140e+02           ,4.0625e+00
  1.5175e+02           ,4.0688e+00
  1.5210e+02           ,4.0750e+00
  1.5246e+02           ,4.0812e+00
  1.5281e+02           ,4.0875e+00
  1.5316e+02           ,4.0938e+00
  1.5352e+02           ,4.1000e+00
  1.5388e+02           ,4.1063e+00
  1.5424e+02           ,4.1125e+00
  1.5460e+02           ,4.1188e+00
  1.5496e+02           ,4.1250e+00
  1.5532e+02           ,4.1313e+00
  1.5568e+02           ,4.1375e+00
  1.5605e+02           ,4.1437e+00
  1.5641e+02           ,4.1500e+00
  1.5678e+02           ,4.1562e+00
  1.5714e+02           ,4.1625e+00
  1.5751e+02           ,4.1688e+00
  1.5788e+02           ,4.1750e+00
  1.5825e+02           ,4.1813e+00
  1.5861e+02           ,4.1875e+00
  1.5898e+02           ,4.1938e+00
  1.5935e+02           ,4.2000e+00
  1.5972e+02           ,4.2062e+00
  1.6009e+02           ,4.2125e+00
  1.6046e+02           ,4.2188e+00
  1.6083e+02           ,4.2250e+00
  1.6120e+02           ,4.2313e+00
  1.6157e+02           ,4.2375e+00
  1.6194e+02           ,4.2438e+00
  1.6231e+02           ,4.2500e+00
  1.6268e+02           ,4.2563e+00
  1.6305e+02           ,4.2625e+00
  1.6342e+02           ,4.2687e+00
  1.6379e+02           ,4.2750e+00
  1.6416e+02           ,4.2812e+00
  1.6452e+02           ,4.2875e+00
  1.6489e+02           ,4.2938e+00
  1.6526e+02           ,4.3000e+00
  1.6562e+02           ,4.3063e+00
  1.6599e+02           ,4.3125e+00
  1.6635e+02           ,4.3188e+00
  1.6672e+02           ,4.3250e+00
  1.6708e+02           ,4.3312e+00
  1.6744e+02           ,4.3375e+00
  1.6780e+02           ,4.3438e+00
  1.6816e+02           ,4.3500e+00
  1.6852e+02           ,4.3563e+00
  1.6888e+02           ,4.3625e+00
  1.6923e+02           ,4.3688e+00
  1.6959e+02           ,4.3750e+00
  1.6994e+02           ,4.3813e+00
  1.7030e+02           ,4.3875e+00
  1.7065e+02           ,4.3937e+00
  1.7100e+02           ,4.4000e+00
  1.7135e+02           ,4.4062e+00
  1.7169e+02           ,4.4125e+00
  1.7204e+02           ,4.4188e+00
  1.7239e+02           ,4.4250e+00
  1.7273e+02           ,4.4313e+00
  1.7307e+02           ,4.4375e+00
  1.7341e+02           ,4.4438e+00
  1.7375e+02           ,4.4500e+00
  1.7409e+02           ,4.4562e+00
  1.7442e+02           ,4.4625e+00
  1.7476e+02           ,4.4688e+00
  1.7509e+02           ,4.4750e+00
  1.7542e+02           ,4.4813e+00
  1.7575e+02           ,4.4875e+00
  1.7608e+02           ,4.4938e+00
  1.7641e+02           ,4.5000e+00
  1.7674e+02           ,4.5063e+00
  1.7706e+02           ,4.5125e+00
  1.7738e+02           ,4.5187e+00
  1.7770e+02           ,4.5250e+00
  1.7802e+02           ,4.5312e+00
  1.7834e+02           ,4.5375e+00
  1.7866e+02           ,4.5438e+00
  1.7898e+02           ,4.5500e+00
  1.7929e+02           ,4.5563e+00
  1.7960e+02           ,4.5625e+00
  1.7992e+02           ,4.5688e+00
  1.8023e+02           ,4.5750e+00
  1.8054e+02           ,4.5812e+00
  1.8084e+02           ,4.5875e+00
  1.8115e+02           ,4.5938e+00
  1.8146e+02           ,4.6000e+00
  1.8176e+02           ,4.6063e+00
  1.8207e+02           ,4.6125e+00
  1.8237e+02           ,4.6188e+00
  1.8267e+02           ,4.6250e+00
  1.8297e+02           ,4.6313e+00
  1.8327e+02           ,4.6375e+00
  1.8357e+02           ,4.6437e+00
  1.8387e+02           ,4.6500e+00
  1.8417e+02           ,4.6562e+00
  1.8447e+02           ,4.6625e+00
  1.8476e+02           ,4.6688e+00
  1.8506e+02           ,4.6750e+00
  1.8536e+02           ,4.6813e+00
  1.8565e+02           ,4.6875e+00
  1.8595e+02           ,4.6938e+00
  1.8624e+02           ,4.7000e+00
  1.8654e+02           ,4.7062e+00
  1.8683e+02           ,4.7125e+00
  1.8713e+02           ,4.7188e+00
  1.8742e+02           ,4.7250e+00
  1.8772e+02           ,4.7313e+00
  1.8801e+02           ,4.7375e+00
  1.8831e+02           ,4.7438e+00
  1.8860e+02           ,4.7500e+00
  1.8890e+02           ,4.7563e+00
  1.8919e+02           ,4.7625e+00
  1.8949e+02           ,4.7687e+00
  1.8979e+02           ,4.7750e+00
  1.9008e+02           ,4.7812e+00
  1.9038e+02           ,4.7875e+00
  1.9068e+02           ,4.7938e+00
  1.9098e+02           ,4.8000e+00
  1.9128e+02           ,4.8063e+00
  1.9159e+02           ,4.8125e+00
  1.9189e+02           ,4.8188e+00
  1.9219e+02           ,4.8250e+00
  1.9250e+02           ,4.8313e+00
  1.9281e+02           ,4.8375e+00
  1.9312e+02           ,4.8438e+00
  1.9343e+02           ,4.8500e+00
  1.9374e+02           ,4.8563e+00
  1.9405e+02           ,4.8625e+00
  1.9436e+02           ,4.8688e+00
  1.9468e+02           ,4.8750e+00
  1.9500e+02           ,4.8813e+00
  1.9532e+02           ,4.8875e+00
  1.9564e+02           ,4.8938e+00
  1.9596e+02           ,4.9000e+00
  1.9629e+02           ,4.9062e+00
  1.9662e+02           ,4.9125e+00
  1.9695e+02           ,4.9188e+00
  1.9728e+02           ,4.9250e+00
  1.9761e+02           ,4.9313e+00
  1.9795e+02           ,4.9375e+00
  1.9829e+02           ,4.9438e+00
  1.9863e+02           ,4.9500e+00
  1.9897e+02           ,4.9563e+00
  1.9932e+02           ,4.9625e+00
  1.9967e+02           ,4.9688e+00
  2.0002e+02           ,4.9750e+00
  2.0037e+02           ,4.9813e+00
  2.0073e+02           ,4.9875e+00
  2.0108e+02           ,4.9938e+00
  2.0145e+02           ,5.0000e+00
  2.0181e+02           ,5.0063e+00
  2.0218e+02           ,5.0125e+00
  2.0255e+02           ,5.0188e+00
  2.0292e+02           ,5.0250e+00
  2.0330e+02           ,5.0312e+00
  2.0367e+02           ,5.0375e+00
  2.0405e+02           ,5.0438e+00
  2.0444e+02           ,5.0500e+00
  2.0483e+02           ,5.0563e+00
  2.0522e+02           ,5.0625e+00
  2.0561e+02           ,5.0688e+00
  2.0600e+02           ,5.0750e+00
  2.0640e+02           ,5.0813e+00
  2.0680e+02           ,5.0875e+00
  2.0721e+02           ,5.0938e+00
  2.0762e+02           ,5.1000e+00
  2.0803e+02           ,5.1063e+00
  2.0844e+02           ,5.1125e+00
  2.0885e+02           ,5.1188e+00
  2.0927e+02           ,5.1250e+00
  2.0969e+02           ,5.1313e+00
  2.1012e+02           ,5.1375e+00
  2.1055e+02           ,5.1438e+00
  2.1098e+02           ,5.1500e+00
  2.1141e+02           ,5.1562e+00
  2.1184e+02           ,5.1625e+00
  2.1228e+02           ,5.1688e+00
  2.1272e+02           ,5.1750e+00
  2.1317e+02           ,5.1813e+00
  2.1361e+02           ,5.1875e+00
  2.1406e+02           ,5.1938e+00
  2.1451e+02           ,5.2000e+00
  2.1497e+02           ,5.2063e+00
  2.1542e+02           ,5.2125e+00
  2.1588e+02           ,5.2188e+00
  2.1634e+02           ,5.2250e+00
  2.1680e+02           ,5.2313e+00
  2.1727e+02           ,5.2375e+00
  2.1773e+02           ,5.2438e+00
  2.1820e+02           ,5.2500e+00
  2.1867e+02           ,5.2563e+00
  2.1914e+02           ,5.2625e+00
  2.1962e+02           ,5.2688e+00
  2.2009e+02           ,5.2750e+00
  2.2057e+02           ,5.2812e+00
  2.2105e+02           ,5.2875e+00
  2.2153e+02           ,5.2938e+00
  2.2201e+02           ,5.3000e+00
  2.2250e+02           ,5.3063e+00
  2.2298e+02           ,5.3125e+00
  2.2347e+02           ,5.3188e+00
  2.2396e+02           ,5.3250e+00
  2.2445e+02           ,5.3313e+00
  2.2493e+02           ,5.3375e+00
  2.2543e+02           ,5.3438e+00
  2.2592e+02           ,5.3500e+00
  2.2641e+02           ,5.3563e+00
  2.2690e+02           ,5.3625e+00
  2.2739e+02           ,5.3688e+00
  2.2789e+02           ,5.3750e+00
  2.2838e+02           ,5.3813e+00
  2.2888e+02           ,5.3875e+00
  2.2937e+02           ,5.3938e+00
  2.2987e+02           ,5.4000e+00
  2.3037e+02           ,5.4062e+00
  2.3086e+02           ,5.4125e+00
  2.3136e+02           ,5.4188e+00
  2.3185e+02           ,5.4250e+00
  2.3235e+02           ,5.4313e+00
  2.3285e+02           ,5.4375e+00
  2.3334e+02           ,5.4438e+00
  2.3384e+02           ,5.4500e+00
  2.3433e+02           ,5.4563e+00
  2.3483e+02           ,5.4625e+00
  2.3532e+02           ,5.4688e+00
  2.3582e+02           ,5.4750e+00
  2.3631e+02           ,5.4813e+00
  2.3680e+02           ,5.4875e+00
  2.3729e+02           ,5.4938e+00
  2.3779e+02           ,5.5000e+00
  2.3828e+02           ,5.5063e+00
  2.3877e+02           ,5.5125e+00
  2.3926e+02           ,5.5188e+00
  2.3975e+02           ,5.5250e+00
  2.4024e+02           ,5.5312e+00
  2.4073e+02           ,5.5375e+00
  2.4121e+02           ,5.5438e+00
  2.4170e+02           ,5.5500e+00
  2.4218e+02           ,5.5563e+00
  2.4267e+02           ,5.5625e+00
  2.4315e+02           ,5.5688e+00
  2.4364e+02           ,5.5750e+00
  2.4412e+02           ,5.5813e+00
  2.4460e+02           ,5.5875e+00
  2.4508e+02           ,5.5938e+00
  2.4556e+02           ,5.6000e+00
  2.4604e+02           ,5.6063e+00
  2.4652e+02           ,5.6125e+00
  2.4700e+02           ,5.6188e+00
  2.4748e+02           ,5.6250e+00
  2.4796e+02           ,5.6313e+00
  2.4843e+02           ,5.6375e+00
  2.4891e+02           ,5.6438e+00
  2.4939e+02           ,5.6500e+00
  2.4986e+02           ,5.6562e+00
  2.5034e+02           ,5.6625e+00
  2.5081e+02           ,5.6688e+00
  2.5129e+02           ,5.6750e+00
  2.5176e+02           ,5.6813e+00
  2.5224e+02           ,5.6875e+00
  2.5271e+02           ,5.6938e+00
  2.5319e+02           ,5.7000e+00
  2.5366e+02           ,5.7063e+00
  2.5414e+02           ,5.7125e+00
  2.5461e+02           ,5.7188e+00
  2.5509e+02           ,5.7250e+00
  2.5556e+02           ,5.7313e+00
  2.5604e+02           ,5.7375e+00
  2.5652e+02           ,5.7438e+00
  2.5699e+02           ,5.7500e+00
  2.5747e+02           ,5.7563e+00
  2.5795e+02           ,5.7625e+00
  2.5843e+02           ,5.7688e+00
  2.5891e+02           ,5.7750e+00
  2.5940e+02           ,5.7812e+00
  2.5988e+02           ,5.7875e+00
  2.6037e+02           ,5.7938e+00
  2.6085e+02           ,5.8000e+00
  2.6134e+02           ,5.8063e+00
  2.6183e+02           ,5.8125e+00
  2.6232e+02           ,5.8188e+00
  2.6281e+02           ,5.8250e+00
  2.6331e+02           ,5.8313e+00
  2.6381e+02           ,5.8375e+00
  2.6431e+02           ,5.8438e+00
  2.6481e+02           ,5.8500e+00
  2.6531e+02           ,5.8563e+00
  2.6582e+02           ,5.8625e+00
  2.6632e+02           ,5.8688e+00
  2.6683e+02           ,5.8750e+00
  2.6735e+02           ,5.8813e+00
  2.6786e+02           ,5.8875e+00
  2.6838e+02           ,5.8938e+00
  2.6890e+02           ,5.9000e+00
  2.6943e+02           ,5.9062e+00
  2.6995e+02           ,5.9125e+00
  2.7048e+02           ,5.9188e+00
  2.7102e+02           ,5.9250e+00
  2.7155e+02           ,5.9313e+00
  2.7209e+02           ,5.9375e+00
  2.7263e+02           ,5.9438e+00
  2.7318e+02           ,5.9500e+00
  2.7373e+02           ,5.9563e+00
  2.7428e+02           ,5.9625e+00
  2.7484e+02           ,5.9688e+00
  2.7540e+02           ,5.9750e+00
  2.7596e+02           ,5.9813e+00
  2.7653e+02           ,5.9875e+00
  2.7710e+02           ,5.9938e+00
  2.7767e+02           ,6.0000e+00
  2.7825e+02           ,6.0063e+00
  2.7883e+02           ,6.0125e+00
  2.7941e+02           ,6.0188e+00
  2.8000e+02           ,6.0250e+00
  2.8059e+02           ,6.0312e+00
  2.8119e+02           ,6.0375e+00
  2.8179e+02           ,6.0438e+00
  2.8239e+02           ,6.0500e+00
  2.8300e+02           ,6.0563e+00
  2.8361e+02           ,6.0625e+00
  2.8422e+02           ,6.0688e+00
  2.8484e+02           ,6.0750e+00
  2.8546e+02           ,6.0813e+00
  2.8609e+02           ,6.0875e+00
  2.8671e+02           ,6.0938e+00
  2.8734e+02           ,6.1000e+00
  2.8798e+02           ,6.1063e+00
  2.8862e+02           ,6.1125e+00
  2.8926e+02           ,6.1188e+00
  2.8990e+02           ,6.1250e+00
  2.9055e+02           ,6.1313e+00
  2.9120e+02           ,6.1375e+00
  2.9185e+02           ,6.1438e+00
  2.9251e+02           ,6.1500e+00
  2.9317e+02           ,6.1562e+00
  2.9383e+02           ,6.1625e+00
  2.9450e+02           ,6.1688e+00
  2.9516e+02           ,6.1750e+00
  2.9583e+02           ,6.1813e+00
  2.9651e+02           ,6.1875e+00
  2.9718e+02           ,6.1938e+00
  2.9786e+02           ,6.2000e+00
  2.9854e+02           ,6.2063e+00
  2.9922e+02           ,6.2125e+00
  2.9990e+02           ,6.2188e+00
  3.0059e+02           ,6.2250e+00
  3.0127e+02           ,6.2313e+00
  3.0196e+02           ,6.2375e+00
  3.0265e+02           ,6.2438e+00
  3.0334e+02           ,6.2500e+00
  3.0404e+02           ,6.2563e+00
  3.0473e+02           ,6.2625e+00
  3.0543e+02           ,6.2688e+00
  3.0612e+02           ,6.2750e+00
  3.0682e+02           ,6.2812e+00
  3.0752e+02           ,6.2875e+00
  3.0822e+02           ,6.2938e+00
  3.0892e+02           ,6.3000e+00
  3.0962e+02           ,6.3063e+00
  3.1032e+02           ,6.3125e+00
  3.1102e+02           ,6.3188e+00
  3.1172e+02           ,6.3250e+00
  3.1243e+02           ,6.3313e+00
  3.1313e+02           ,6.3375e+00
  3.1383e+02           ,6.3438e+00
  3.1454e+02           ,6.3500e+00
  3.1524e+02           ,6.3563e+00
  3.1594e+02           ,6.3625e+00
  3.1665e+02           ,6.3688e+00
  3.1735e+02           ,6.3750e+00
  3.1806e+02           ,6.3813e+00
  3.1876e+02           ,6.3875e+00
  3.1946e+02           ,6.3938e+00
  3.2017e+02           ,6.4000e+00
  3.2087e+02           ,6.4062e+00
  3.2158e+02           ,6.4125e+00
  3.2228e+02           ,6.4188e+00
  3.2298e+02           ,6.4250e+00
  3.2369e+02           ,6.4313e+00
  3.2439e+02           ,6.4375e+00
  3.2510e+02           ,6.4438e+00
  3.2580e+02           ,6.4500e+00
  3.2651e+02           ,6.4563e+00
  3.2721e+02           ,6.4625e+00
  3.2792e+02           ,6.4688e+00
  3.2862e+02           ,6.4750e+00
  3.2933e+02           ,6.4813e+00
  3.3003e+02           ,6.4875e+00
  3.3074e+02           ,6.4938e+00
  3.3145e+02           ,6.5000e+00
  3.3216e+02           ,6.5063e+00
  3.3286e+02           ,6.5125e+00
  3.3357e+02           ,6.5188e+00
  3.3429e+02           ,6.5250e+00
  3.3500e+02           ,6.5312e+00
  3.3571e+02           ,6.5375e+00
  3.3643e+02           ,6.5438e+00
  3.3714e+02           ,6.5500e+00
  3.3786e+02           ,6.5563e+00
  3.3858e+02           ,6.5625e+00
  3.3930e+02           ,6.5688e+00
  3.4002e+02           ,6.5750e+00
  3.4075e+02           ,6.5813e+00
  3.4147e+02           ,6.5875e+00
  3.4220e+02           ,6.5938e+00
  3.4293e+02           ,6.6000e+00
  3.4367e+02           ,6.6063e+00
  3.4440e+02           ,6.6125e+00
  3.4514e+02           ,6.6188e+00
  3.4589e+02           ,6.6250e+00
  3.4663e+02           ,6.6313e+00
  3.4738e+02           ,6.6375e+00
  3.4813e+02           ,6.6438e+00
  3.4889e+02           ,6.6500e+00
  3.4965e+02           ,6.6562e+00
  3.5041e+02           ,6.6625e+00
  3.5117e+02           ,6.6688e+00
  3.5194e+02           ,6.6750e+00
  3.5272e+02           ,6.6813e+00
  3.5349e+02           ,6.6875e+00
  3.5427e+02           ,6.6938e+00
  3.5506e+02           ,6.7000e+00
  3.5585e+02           ,6.7063e+00
  3.5664e+02           ,6.7125e+00
  3.5744e+02           ,6.7188e+00
  3.5825e+02           ,6.7250e+00
  3.5905e+02           ,6.7313e+00
  3.5987e+02           ,6.7375e+00
  3.6068e+02           ,6.7438e+00
  3.6150e+02           ,6.7500e+00
  3.6233e+02           ,6.7563e+00
  3.6316e+02           ,6.7625e+00
  3.6399e+02           ,6.7688e+00
  3.6483e+02           ,6.7750e+00
  3.6568e+02           ,6.7812e+00
  3.6653e+02           ,6.7875e+00
  3.6738e+02           ,6.7938e+00
  3.6824e+02           ,6.8000e+00
  3.6911e+02           ,6.8063e+00
  3.6997e+02           ,6.8125e+00
  3.7085e+02           ,6.8188e+00
  3.7172e+02           ,6.8250e+00
  3.7260e+02           ,6.8313e+00
  3.7349e+02           ,6.8375e+00
  3.7438e+02           ,6.8438e+00
  3.7527e+02           ,6.8500e+00
  3.7617e+02           ,6.8563e+00
  3.7708e+02           ,6.8625e+00
  3.7798e+02           ,6.8688e+00
  3.7889e+02           ,6.8750e+00
  3.7981e+02           ,6.8813e+00
  3.8072e+02           ,6.8875e+00
  3.8164e+02           ,6.8938e+00
  3.8257e+02           ,6.9000e+00
  3.8350e+02           ,6.9062e+00
  3.8443e+02           ,6.9125e+00
  3.8536e+02           ,6.9188e+00
  3.8630e+02           ,6.9250e+00
  3.8724e+02           ,6.9313e+00
  3.8818e+02           ,6.9375e+00
  3.8912e+02           ,6.9438e+00
  3.9007e+02           ,6.9500e+00
  3.9102e+02           ,6.9563e+00
  3.9197e+02           ,6.9625e+00
  3.9293e+02           ,6.9688e+00
  3.9388e+02           ,6.9750e+00
  3.9484e+02           ,6.9813e+00
  3.9580e+02           ,6.9875e+00
  3.9676e+02           ,6.9938e+00
  3.9772e+02           ,7.0000e+00
  3.9868e+02           ,7.0063e+00
  3.9964e+02           ,7.0125e+00
  4.0061e+02           ,7.0188e+00
  4.0157e+02           ,7.0250e+00
  4.0254e+02           ,7.0312e+00
  4.0351e+02           ,7.0375e+00
  4.0448e+02           ,7.0438e+00
  4.0545e+02           ,7.0500e+00
  4.0642e+02           ,7.0563e+00
  4.0739e+02           ,7.0625e+00
  4.0836e+02           ,7.0688e+00
  4.0933e+02           ,7.0750e+00
  4.1030e+02           ,7.0813e+00
  4.1128e+02           ,7.0875e+00
  4.1225e+02           ,7.0938e+00
  4.1323e+02           ,7.1000e+00
  4.1420e+02           ,7.1063e+00
  4.1518e+02           ,7.1125e+00
  4.1616e+02           ,7.1188e+00
  4.1713e+02           ,7.1250e+00
  4.1811e+02           ,7.1313e+00
  4.1909e+02           ,7.1375e+00
  4.2008e+02           ,7.1438e+00
  4.2106e+02           ,7.1500e+00
  4.2205e+02           ,7.1562e+00
  4.2303e+02           ,7.1625e+00
  4.2402e+02           ,7.1688e+00
  4.2501e+02           ,7.1750e+00
  4.2600e+02           ,7.1813e+00
  4.2700e+02           ,7.1875e+00
  4.2799e+02           ,7.1938e+00
  4.2899e+02           ,7.2000e+00
  4.2999e+02           ,7.2063e+00
  4.3100e+02           ,7.2125e+00
  4.3201e+02           ,7.2188e+00
  4.3302e+02           ,7.2250e+00
  4.3403e+02           ,7.2313e+00
  4.3505e+02           ,7.2375e+00
  4.3607e+02           ,7.2438e+00
  4.3710e+02           ,7.2500e+00
  4.3813e+02           ,7.2563e+00
  4.3916e+02           ,7.2625e+00
  4.4020e+02           ,7.2688e+00
  4.4124e+02           ,7.2750e+00
  4.4229e+02           ,7.2812e+00
  4.4334e+02           ,7.2875e+00
  4.4440e+02           ,7.2938e+00
  4.4546e+02           ,7.3000e+00
  4.4653e+02           ,7.3063e+00
  4.4760e+02           ,7.3125e+00
  4.4868e+02           ,7.3188e+00
  4.4976e+02           ,7.3250e+00
  4.5085e+02           ,7.3313e+00
  4.5195e+02           ,7.3375e+00
  4.5305e+02           ,7.3438e+00
  4.5416e+02           ,7.3500e+00
  4.5527e+02           ,7.3563e+00
  4.5639e+02           ,7.3625e+00
  4.5751e+02           ,7.3688e+00
  4.5864e+02           ,7.3750e+00
  4.5978e+02           ,7.3813e+00
  4.6093e+02           ,7.3875e+00
  4.6207e+02           ,7.3938e+00
  4.6323e+02           ,7.4000e+00
  4.6439e+02           ,7.4062e+00
  4.6556e+02           ,7.4125e+00
  4.6673e+02           ,7.4188e+00
  4.6791e+02           ,7.4250e+00
  4.6909e+02           ,7.4313e+00
  4.7028e+02           ,7.4375e+00
  4.7148e+02           ,7.4438e+00
  4.7268e+02           ,7.4500e+00
  4.7388e+02           ,7.4563e+00
  4.7509e+02           ,7.4625e+00
  4.7630e+02           ,7.4688e+00
  4.7752e+02           ,7.4750e+00
  4.7874e+02           ,7.4813e+00
  4.7997e+02           ,7.4875e+00
  4.8120e+02           ,7.4938e+00
  4.8243e+02           ,7.5000e+00
  4.8367e+02           ,7.5063e+00
  4.8491e+02           ,7.5125e+00
  4.8616e+02           ,7.5188e+00
  4.8740e+02           ,7.5250e+00
  4.8865e+02           ,7.5312e+00
  4.8990e+02           ,7.5375e+00
  4.9116e+02           ,7.5438e+00
  4.9242e+02           ,7.5500e+00
  4.9367e+02           ,7.5563e+00
  4.9494e+02           ,7.5625e+00
  4.9620e+02           ,7.5688e+00
  4.9746e+02           ,7.5750e+00
  4.9873e+02           ,7.5813e+00
  5.0000e+02           ,7.5875e+00
  5.0126e+02           ,7.5938e+00
  5.0253e+02           ,7.6000e+00
  5.0380e+02           ,7.6063e+00
  5.0508e+02           ,7.6125e+00
  5.0635e+02           ,7.6188e+00
  5.0763e+02           ,7.6250e+00
  5.0890e+02           ,7.6313e+00
  5.1018e+02           ,7.6375e+00
  5.1146e+02           ,7.6438e+00
  5.1274e+02           ,7.6500e+00
  5.1402e+02           ,7.6562e+00
  5.1530e+02           ,7.6625e+00
  5.1659e+02           ,7.6688e+00
  5.1788e+02           ,7.6750e+00
  5.1916e+02           ,7.6813e+00
  5.2046e+02           ,7.6875e+00
  5.2175e+02           ,7.6938e+00
  5.2305e+02           ,7.7000e+00
  5.2435e+02           ,7.7063e+00
  5.2565e+02           ,7.7125e+00
  5.2695e+02           ,7.7188e+00
  5.2826e+02           ,7.7250e+00
  5.2958e+02           ,7.7313e+00
  5.3089e+02           ,7.7375e+00
  5.3222e+02           ,7.7438e+00
  5.3354e+02           ,7.7500e+00
  5.3487e+02           ,7.7563e+00
  5.3621e+02           ,7.7625e+00
  5.3755e+02           ,7.7688e+00
  5.3890e+02           ,7.7750e+00
  5.4025e+02           ,7.7812e+00
  5.4161e+02           ,7.7875e+00
  5.4298e+02           ,7.7938e+00
  5.4435e+02           ,7.8000e+00
  5.4573e+02           ,7.8063e+00
  5.4711e+02           ,7.8125e+00
  5.4850e+02           ,7.8188e+00
  5.4990e+02           ,7.8250e+00
  5.5131e+02           ,7.8313e+00
  5.5273e+02           ,7.8375e+00
  5.5415e+02           ,7.8438e+00
  5.5558e+02           ,7.8500e+00
  5.5702e+02           ,7.8563e+00
  5.5846e+02           ,7.8625e+00
  5.5991e+02           ,7.8688e+00
  5.6138e+02           ,7.8750e+00
  5.6284e+02           ,7.8813e+00
  5.6432e+02           ,7.8875e+00
  5.6580e+02           ,7.8938e+00
  5.6729e+02           ,7.9000e+00
  5.6879e+02           ,7.9062e+00
  5.7029e+02           ,7.9125e+00
  5.7181e+02           ,7.9188e+00
  5.7332e+02           ,7.9250e+00
  5.7485e+02           ,7.9313e+00
  5.7638e+02           ,7.9375e+00
  5.7791e+02           ,7.9438e+00
  5.7945e+02           ,7.9500e+00
  5.8100e+02           ,7.9563e+00
  5.8255e+02           ,7.9625e+00
  5.8411e+02           ,7.9688e+00
  5.8567e+02           ,7.9750e+00
  5.8723e+02           ,7.9813e+00
  5.8880e+02           ,7.9875e+00
  5.9037e+02           ,7.9938e+00
  5.9195e+02           ,8.0000e+00
  5.9353e+02           ,8.0062e+00
  5.9511e+02           ,8.0125e+00
  5.9669e+02           ,8.0188e+00
  5.9827e+02           ,8.0250e+00
  5.9986e+02           ,8.0312e+00
  6.0145e+02           ,8.0375e+00
  6.0304e+02           ,8.0438e+00
  6.0463e+02           ,8.0500e+00
  6.0623e+02           ,8.0563e+00
  6.0782e+02           ,8.0625e+00
  6.0942e+02           ,8.0687e+00
  6.1102e+02           ,8.0750e+00
  6.1262e+02           ,8.0813e+00
  6.1422e+02           ,8.0875e+00
  6.1582e+02           ,8.0938e+00
  6.1743e+02           ,8.1000e+00
  6.1903e+02           ,8.1063e+00
  6.2064e+02           ,8.1125e+00
  6.2226e+02           ,8.1188e+00
  6.2387e+02           ,8.1250e+00
  6.2549e+02           ,8.1312e+00
  6.2711e+02           ,8.1375e+00
  6.2873e+02           ,8.1438e+00
  6.3036e+02           ,8.1500e+00
  6.3200e+02           ,8.1562e+00
  6.3363e+02           ,8.1625e+00
  6.3528e+02           ,8.1688e+00
  6.3693e+02           ,8.1750e+00
  6.3858e+02           ,8.1813e+00
  6.4024e+02           ,8.1875e+00
  6.4191e+02           ,8.1937e+00
  6.4359e+02           ,8.2000e+00
  6.4527e+02           ,8.2063e+00
  6.4696e+02           ,8.2125e+00
  6.4866e+02           ,8.2188e+00
  6.5037e+02           ,8.2250e+00
  6.5208e+02           ,8.2313e+00
  6.5381e+02           ,8.2375e+00
  6.5554e+02           ,8.2438e+00
  6.5729e+02           ,8.2500e+00
  6.5904e+02           ,8.2562e+00
  6.6080e+02           ,8.2625e+00
  6.6258e+02           ,8.2688e+00
  6.6436e+02           ,8.2750e+00
  6.6615e+02           ,8.2812e+00
  6.6796e+02           ,8.2875e+00
  6.6977e+02           ,8.2938e+00
  6.7159e+02           ,8.3000e+00
  6.7342e+02           ,8.3063e+00
  6.7526e+02           ,8.3125e+00
  6.7711e+02           ,8.3187e+00
  6.7897e+02           ,8.3250e+00
  6.8083e+02           ,8.3313e+00
  6.8270e+02           ,8.3375e+00
  6.8458e+02           ,8.3438e+00
  6.8647e+02           ,8.3500e+00
  6.8836e+02           ,8.3563e+00
  6.9026e+02           ,8.3625e+00
  6.9216e+02           ,8.3688e+00
  6.9407e+02           ,8.3750e+00
  6.9598e+02           ,8.3812e+00
  6.9789e+02           ,8.3875e+00
  6.9981e+02           ,8.3938e+00
  7.0173e+02           ,8.4000e+00
  7.0365e+02           ,8.4062e+00
  7.0558e+02           ,8.4125e+00
  7.0751e+02           ,8.4188e+00
  7.0944e+02           ,8.4250e+00
  7.1137e+02           ,8.4313e+00
  7.1330e+02           ,8.4375e+00
  7.1523e+02           ,8.4437e+00
  7.1717e+02           ,8.4500e+00
  7.1910e+02           ,8.4563e+00
  7.2104e+02           ,8.4625e+00
  7.2298e+02           ,8.4688e+00
  7.2492e+02           ,8.4750e+00
  7.2686e+02           ,8.4813e+00
  7.2880e+02           ,8.4875e+00
  7.3075e+02           ,8.4938e+00
  7.3270e+02           ,8.5000e+00
  7.3466e+02           ,8.5062e+00
  7.3661e+02           ,8.5125e+00
  7.3858e+02           ,8.5188e+00
  7.4055e+02           ,8.5250e+00
  7.4252e+02           ,8.5312e+00
  7.4450e+02           ,8.5375e+00
  7.4649e+02           ,8.5438e+00
  7.4849e+02           ,8.5500e+00
  7.5049e+02           ,8.5563e+00
  7.5251e+02           ,8.5625e+00
  7.5453e+02           ,8.5687e+00
  7.5657e+02           ,8.5750e+00
  7.5861e+02           ,8.5813e+00
  7.6067e+02           ,8.5875e+00
  7.6274e+02           ,8.5938e+00
  7.6482e+02           ,8.6000e+00
  7.6691e+02           ,8.6063e+00
  7.6902e+02           ,8.6125e+00
  7.7114e+02           ,8.6188e+00
  7.7327e+02           ,8.6250e+00
  7.7541e+02           ,8.6312e+00
  7.7757e+02           ,8.6375e+00
  7.7974e+02           ,8.6438e+00
  7.8192e+02           ,8.6500e+00
  7.8411e+02           ,8.6562e+00
  7.8631e+02           ,8.6625e+00
  7.8853e+02           ,8.6688e+00
  7.9075e+02           ,8.6750e+00
  7.9298e+02           ,8.6813e+00
  7.9522e+02           ,8.6875e+00
  7.9747e+02           ,8.6937e+00
  7.9972e+02           ,8.7000e+00
  8.0198e+02           ,8.7063e+00
  8.0425e+02           ,8.7125e+00
  8.0652e+02           ,8.7188e+00
  8.0879e+02           ,8.7250e+00
  8.1107e+02           ,8.7313e+00
  8.1334e+02           ,8.7375e+00
  8.1562e+02           ,8.7438e+00
  8.1790e+02           ,8.7500e+00
  8.2018e+02           ,8.7562e+00
  8.2246e+02           ,8.7625e+00
  8.2474e+02           ,8.7688e+00
  8.2702e+02           ,8.7750e+00
  8.2930e+02           ,8.7812e+00
  8.3159e+02           ,8.7875e+00
  8.3387e+02           ,8.7938e+00
  8.3615e+02           ,8.8000e+00
  8.3843e+02           ,8.8063e+00
  8.4072e+02           ,8.8125e+00
  8.4300e+02           ,8.8187e+00
  8.4530e+02           ,8.8250e+00
  8.4759e+02           ,8.8313e+00
  8.4989e+02           ,8.8375e+00
  8.5220e+02           ,8.8438e+00
  8.5451e+02           ,8.8500e+00
  8.5684e+02           ,8.8563e+00
  8.5917e+02           ,8.8625e+00
  8.6152e+02           ,8.8688e+00
  8.6387e+02           ,8.8750e+00
  8.6624e+02           ,8.8812e+00
  8.6862e+02           ,8.8875e+00
  8.7102e+02           ,8.8938e+00
  8.7344e+02           ,8.9000e+00
  8.7586e+02           ,8.9062e+00
  8.7831e+02           ,8.9125e+00
  8.8077e+02           ,8.9188e+00
  8.8325e+02           ,8.9250e+00
  8.8575e+02           ,8.9313e+00
  8.8826e+02           ,8.9375e+00
  8.9079e+02           ,8.9437e+00
  8.9334e+02           ,8.9500e+00
  8.9590e+02           ,8.9563e+00
  8.9847e+02           ,8.9625e+00
  9.0106e+02           ,8.9688e+00
  9.0366e+02           ,8.9750e+00
  9.0627e+02           ,8.9813e+00
  9.0889e+02           ,8.9875e+00
  9.1152e+02           ,8.9938e+00
  9.1415e+02           ,9.0000e+00
  9.1679e+02           ,9.0062e+00
  9.1943e+02           ,9.0125e+00
  9.2207e+02           ,9.0188e+00
  9.2472e+02           ,9.0250e+00
  9.2736e+02           ,9.0312e+00
  9.3001e+02           ,9.0375e+00
  9.3265e+02           ,9.0438e+00
  9.3529e+02           ,9.0500e+00
  9.3792e+02           ,9.0563e+00
  9.4056e+02           ,9.0625e+00
  9.4319e+02           ,9.0687e+00
  9.4581e+02           ,9.0750e+00
  9.4844e+02           ,9.0813e+00
  9.5106e+02           ,9.0875e+00
  9.5369e+02           ,9.0938e+00
  9.5631e+02           ,9.1000e+00
  9.5894e+02           ,9.1063e+00
  9.6157e+02           ,9.1125e+00
  9.6421e+02           ,9.1188e+00
  9.6686e+02           ,9.1250e+00
  9.6951e+02           ,9.1312e+00
  9.7218e+02           ,9.1375e+00
  9.7486e+02           ,9.1438e+00
  9.7756e+02           ,9.1500e+00
  9.8028e+02           ,9.1562e+00
  9.8301e+02           ,9.1625e+00
  9.8577e+02           ,9.1688e+00
  9.8855e+02           ,9.1750e+00
  9.9135e+02           ,9.1813e+00
  9.9417e+02           ,9.1875e+00
  9.9702e+02           ,9.1937e+00
  9.9989e+02           ,9.2000e+00
  1.0028e+03           ,9.2063e+00
  1.0057e+03           ,9.2125e+00
  1.0086e+03           ,9.2188e+00
  1.0116e+03           ,9.2250e+00
  1.0146e+03           ,9.2313e+00
  1.0176e+03           ,9.2375e+00
  1.0206e+03           ,9.2438e+00
  1.0236e+03           ,9.2500e+00
  1.0266e+03           ,9.2562e+00
  1.0297e+03           ,9.2625e+00
  1.0327e+03           ,9.2688e+00
  1.0357e+03           ,9.2750e+00
  1.0387e+03           ,9.2812e+00
  1.0418e+03           ,9.2875e+00
  1.0448e+03           ,9.2938e+00
  1.0478e+03           ,9.3000e+00
  1.0508e+03           ,9.3063e+00
  1.0538e+03           ,9.3125e+00
  1.0568e+03           ,9.3187e+00
  1.0598e+03           ,9.3250e+00
  1.0627e+03           ,9.3313e+00
  1.0657e+03           ,9.3375e+00
  1.0687e+03           ,9.3438e+00
  1.0716e+03           ,9.3500e+00
  1.0746e+03           ,9.3563e+00
  1.0775e+03           ,9.3625e+00
  1.0805e+03           ,9.3688e+00
  1.0835e+03           ,9.3750e+00
  1.0864e+03           ,9.3812e+00
  1.0895e+03           ,9.3875e+00
  1.0925e+03           ,9.3938e+00
  1.0955e+03           ,9.4000e+00
  1.0986e+03           ,9.4062e+00
  1.1017e+03           ,9.4125e+00
  1.1049e+03           ,9.4188e+00
  1.1081e+03           ,9.4250e+00
  1.1113e+03           ,9.4313e+00
  1.1145e+03           ,9.4375e+00
  1.1178e+03           ,9.4437e+00
  1.1212e+03           ,9.4500e+00
  1.1245e+03           ,9.4563e+00
  1.1279e+03           ,9.4625e+00
  1.1313e+03           ,9.4688e+00
  1.1347e+03           ,9.4750e+00
  1.1382e+03           ,9.4813e+00
  1.1416e+03           ,9.4875e+00
  1.1451e+03           ,9.4938e+00
  1.1485e+03           ,9.5000e+00
  1.1520e+03           ,9.5062e+00
  1.1554e+03           ,9.5125e+00
  1.1589e+03           ,9.5188e+00
  1.1623e+03           ,9.5250e+00
  1.1657e+03           ,9.5312e+00
  1.1690e+03           ,9.5375e+00
  1.1724e+03           ,9.5438e+00
  1.1757e+03           ,9.5500e+00
  1.1790e+03           ,9.5563e+00
  1.1823e+03           ,9.5625e+00
  1.1856e+03           ,9.5687e+00
  1.1888e+03           ,9.5750e+00
  1.1921e+03           ,9.5813e+00
  1.1954e+03           ,9.5875e+00
  1.1986e+03           ,9.5938e+00
  1.2019e+03           ,9.6000e+00
  1.2052e+03           ,9.6063e+00
  1.2086e+03           ,9.6125e+00
  1.2119e+03           ,9.6188e+00
  1.2154e+03           ,9.6250e+00
  1.2188e+03           ,9.6313e+00
  1.2224e+03           ,9.6375e+00
  1.2259e+03           ,9.6438e+00
  1.2296e+03           ,9.6500e+00
  1.2333e+03           ,9.6562e+00
  1.2370e+03           ,9.6625e+00
  1.2408e+03           ,9.6688e+00
  1.2447e+03           ,9.6750e+00
  1.2486e+03           ,9.6813e+00
  1.2525e+03           ,9.6875e+00
  1.2565e+03           ,9.6938e+00
  1.2604e+03           ,9.7000e+00
  1.2644e+03           ,9.7063e+00
  1.2683e+03           ,9.7125e+00
  1.2722e+03           ,9.7188e+00
  1.2761e+03           ,9.7250e+00
  1.2800e+03           ,9.7313e+00
  1.2838e+03           ,9.7375e+00
  1.2876e+03           ,9.7438e+00
  1.2913e+03           ,9.7500e+00
  1.2949e+03           ,9.7563e+00
  1.2986e+03           ,9.7625e+00
  1.3021e+03           ,9.7688e+00
  1.3057e+03           ,9.7750e+00
  1.3092e+03           ,9.7812e+00
  1.3127e+03           ,9.7875e+00
  1.3162e+03           ,9.7938e+00
  1.3198e+03           ,9.8000e+00
  1.3233e+03           ,9.8063e+00
  1.3269e+03           ,9.8125e+00
  1.3306e+03           ,9.8188e+00
  1.3344e+03           ,9.8250e+00
  1.3382e+03           ,9.8313e+00
  1.3422e+03           ,9.8375e+00
  1.3462e+03           ,9.8438e+00
  1.3504e+03           ,9.8500e+00
  1.3547e+03           ,9.8563e+00
  1.3590e+03           ,9.8625e+00
  1.3635e+03           ,9.8688e+00
  1.3680e+03           ,9.8750e+00
  1.3726e+03           ,9.8813e+00
  1.3772e+03           ,9.8875e+00
  1.3818e+03           ,9.8938e+00
  1.3864e+03           ,9.9000e+00
  1.3909e+03           ,9.9062e+00
  1.3954e+03           ,9.9125e+00
  1.3998e+03           ,9.9188e+00
  1.4042e+03           ,9.9250e+00
  1.4084e+03           ,9.9313e+00
  1.4125e+03           ,9.9375e+00
  1.4165e+03           ,9.9438e+00
  1.4204e+03           ,9.9500e+00
  1.4242e+03           ,9.9563e+00
  1.4280e+03           ,9.9625e+00
  1.4317e+03           ,9.9688e+00
  1.4353e+03           ,9.9750e+00
  1.4390e+03           ,9.9813e+00
  1.4428e+03           ,9.9875e+00
  1.4466e+03           ,9.9938e+00
  1.4505e+03           ,1.0000e+01
  1.4546e+03           ,1.0006e+01
  1.4588e+03           ,1.0013e+01
  1.4633e+03           ,1.0019e+01
  1.4679e+03           ,1.0025e+01
  1.4728e+03           ,1.0031e+01
  1.4779e+03           ,1.0038e+01
  1.4831e+03           ,1.0044e+01
  1.4886e+03           ,1.0050e+01
  1.4941e+03           ,1.0056e+01
  1.4997e+03           ,1.0062e+01
  1.5053e+03           ,1.0069e+01
  1.5109e+03           ,1.0075e+01
  1.5164e+03           ,1.0081e+01
  1.5218e+03           ,1.0088e+01
  1.5270e+03           ,1.0094e+01
  1.5320e+03           ,1.0100e+01
  1.5368e+03           ,1.0106e+01
  1.5413e+03           ,1.0113e+01
  1.5456e+03           ,1.0119e+01
  1.5497e+03           ,1.0125e+01
  1.5537e+03           ,1.0131e+01
  1.5575e+03           ,1.0138e+01
  1.5613e+03           ,1.0144e+01
  1.5651e+03           ,1.0150e+01
  1.5689e+03           ,1.0156e+01
  1.5729e+03           ,1.0163e+01
  1.5771e+03           ,1.0169e+01
  1.5817e+03           ,1.0175e+01
  1.5866e+03           ,1.0181e+01
  1.5920e+03           ,1.0188e+01
  1.5978e+03           ,1.0194e+01
  1.6042e+03           ,1.0200e+01
  1.6109e+03           ,1.0206e+01
  1.6181e+03           ,1.0213e+01
  1.6256e+03           ,1.0219e+01
  1.6332e+03           ,1.0225e+01
  1.6409e+03           ,1.0231e+01
  1.6485e+03           ,1.0238e+01
  1.6559e+03           ,1.0244e+01
  1.6629e+03           ,1.0250e+01
  1.6696e+03           ,1.0256e+01
  1.6757e+03           ,1.0263e+01
  1.6815e+03           ,1.0269e+01
  1.6867e+03           ,1.0275e+01
  1.6915e+03           ,1.0281e+01
  1.6960e+03           ,1.0288e+01
  1.7002e+03           ,1.0294e+01
  1.7042e+03           ,1.0300e+01
  1.7082e+03           ,1.0306e+01
  1.7124e+03           ,1.0312e+01
  1.7169e+03           ,1.0319e+01
  1.7220e+03           ,1.0325e+01
  1.7279e+03           ,1.0331e+01
  1.7348e+03           ,1.0338e+01
  1.7429e+03           ,1.0344e+01
  1.7522e+03           ,1.0350e+01
  1.7628e+03           ,1.0356e+01
  1.7745e+03           ,1.0363e+01
  1.7869e+03           ,1.0369e+01
  1.7999e+03           ,1.0375e+01
  1.8130e+03           ,1.0381e+01
  1.8257e+03           ,1.0388e+01
  1.8379e+03           ,1.0394e+01
  1.8493e+03           ,1.0400e+01
  1.8598e+03           ,1.0406e+01
  1.8693e+03           ,1.0413e+01
  1.8779e+03           ,1.0419e+01
  1.8857e+03           ,1.0425e+01
  1.8929e+03           ,1.0431e+01
  1.8996e+03           ,1.0438e+01
  1.9059e+03           ,1.0444e+01
  1.9123e+03           ,1.0450e+01
  1.9191e+03           ,1.0456e+01
  1.9271e+03           ,1.0463e+01
  1.9369e+03           ,1.0469e+01
  1.9495e+03           ,1.0475e+01
  1.9654e+03           ,1.0481e+01
  1.9853e+03           ,1.0488e+01
  2.0091e+03           ,1.0494e+01
  2.0362e+03           ,1.0500e+01
  2.0658e+03           ,1.0506e+01
  2.0965e+03           ,1.0513e+01
  2.1270e+03           ,1.0519e+01
  2.1562e+03           ,1.0525e+01
  2.1836e+03           ,1.0531e+01
  2.2091e+03           ,1.0538e+01
  2.2330e+03           ,1.0544e+01
  2.2559e+03           ,1.0550e+01
  2.2781e+03           ,1.0556e+01
  2.2996e+03           ,1.0562e+01
  2.3207e+03           ,1.0569e+01
  2.3419e+03           ,1.0575e+01
  2.3649e+03           ,1.0581e+01
  2.3926e+03           ,1.0588e+01
  2.4291e+03           ,1.0594e+01
  2.4788e+03           ,1.0600e+01
  2.5443e+03           ,1.0606e+01
  2.6254e+03           ,1.0613e+01
  2.7185e+03           ,1.0619e+01
  2.8171e+03           ,1.0625e+01
  2.9150e+03           ,1.0631e+01
  3.0086e+03           ,1.0638e+01
  3.0985e+03           ,1.0644e+01
  3.1886e+03           ,1.0650e+01
  3.2819e+03           ,1.0656e+01
  3.3773e+03           ,1.0663e+01
  3.4722e+03           ,1.0669e+01
  3.5713e+03           ,1.0675e+01
  3.6977e+03           ,1.0681e+01
  3.8923e+03           ,1.0688e+01
  4.1917e+03           ,1.0694e+01
  4.5921e+03           ,1.0700e+01
  5.0400e+03           ,1.0706e+01
  5.4848e+03           ,1.0713e+01
  5.9591e+03           ,1.0719e+01
  6.5391e+03           ,1.0725e+01
  7.1748e+03           ,1.0731e+01
  7.9257e+03           ,1.0738e+01
  9.9868e+03           ,1.0744e+01
  1.4968e+04           ,1.0750e+01
  2.1684e+04           ,1.0756e+01
  4.6869e+04           ,1.0763e+01
  3.3764e+04           ,1.0769e+01
  5.7858e+06           ,1.0775e+01
 -7.9393e+07           ,1.0781e+01
  1.2316e+14           ,1.0788e+01
  2.7752e+21           ,1.0794e+01
  9.6335e+38           ,1.0800e+01
 -1.6100e+67           ,1.0806e+01
 1.5240e+123           ,1.0812e+01
 1.9894e+176           ,1.0819e+01
        -nan           ,1.0825e+01
        -nan           ,1.0831e+01
        -nan           ,1.0838e+01
        -nan           ,1.0844e+01
        -nan           ,1.0850e+01
        -nan           ,1.0856e+01
        -nan           ,1.0863e+01
        -nan           ,1.0869e+01
        -nan           ,1.0875e+01
        -nan           ,1.0881e+01
        -nan           ,1.0888e+01
        -nan           ,1.0894e+01
        -nan           ,1.0900e+01
        -nan           ,1.0906e+01
        -nan           ,1.0913e+01
        -nan           ,1.0919e+01
        -nan           ,1.0925e+01
        -nan           ,1.0931e+01
        -nan           ,1.0938e+01
        -nan           ,1.0944e+01
        -nan           ,1.0950e+01
        -nan           ,1.0956e+01
        -nan           ,1.0963e+01
        -nan           ,1.0969e+01
        -nan           ,1.0975e+01
        -nan           ,1.0981e+01
        -nan           ,1.0988e+01
        -nan           ,1.0994e+01
        -nan           ,1.1000e+01
        -nan           ,1.1006e+01
        -nan           ,1.1013e+01
        -nan           ,1.1019e+01
        -nan           ,1.1025e+01
        -nan           ,1.1031e+01
        -nan           ,1.1038e+01
        -nan           ,1.1044e+01
        -nan           ,1.1050e+01
        -nan           ,1.1056e+01
        -nan           ,1.1062e+01
        -nan           ,1.1069e+01
        -nan           ,1.1075e+01
        -nan           ,1.1081e+01
        -nan           ,1.1088e+01
        -nan           ,1.1094e+01
        -nan           ,1.1100e+01
        -nan           ,1.1106e+01
        -nan           ,1.1113e+01
        -nan           ,1.1119e+01
        -nan           ,1.1125e+01
        -nan           ,1.1131e+01
        -nan           ,1.1138e+01
        -nan           ,1.1144e+01
        -nan           ,1.1150e+01
        -nan           ,1.1156e+01
        -nan           ,1.1163e+01
        -nan           ,1.1169e+01
        -nan           ,1.1175e+01
        -nan           ,1.1181e+01
        -nan           ,1.1188e+01
        -nan           ,1.1194e+01
        -nan           ,1.1200e+01
        -nan           ,1.1206e+01
        -nan           ,1.1213e+01
        -nan           ,1.1219e+01
        -nan           ,1.1225e+01
        -nan           ,1.1231e+01
        -nan           ,1.1238e+01
        -nan           ,1.1244e+01
        -nan           ,1.1250e+01
        -nan           ,1.1256e+01
        -nan           ,1.1263e+01
        -nan           ,1.1269e+01
        -nan           ,1.1275e+01
        -nan           ,1.1281e+01
        -nan           ,1.1288e+01
        -nan           ,1.1294e+01
        -nan           ,1.1300e+01
        -nan           ,1.1306e+01
        -nan           ,1.1312e+01
        -nan           ,1.1319e+01
        -nan           ,1.1325e+01
        -nan           ,1.1331e+01
        -nan           ,1.1338e+01
        -nan           ,1.1344e+01
        -nan           ,1.1350e+01
        -nan           ,1.1356e+01
        -nan           ,1.1363e+01
        -nan           ,1.1369e+01
        -nan           ,1.1375e+01
        -nan           ,1.1381e+01
        -nan           ,1.1388e+01
        -nan           ,1.1394e+01
        -nan           ,1.1400e+01
        -nan           ,1.1406e+01
        -nan           ,1.1413e+01
        -nan           ,1.1419e+01
        -nan           ,1.1425e+01
        -nan           ,1.1431e+01
        -nan           ,1.1438e+01
        -nan           ,1.1444e+01
        -nan           ,1.1450e+01
        -nan           ,1.1456e+01
        -nan           ,1.1463e+01
        -nan           ,1.1469e+01
        -nan           ,1.1475e+01
        -nan           ,1.1481e+01
        -nan           ,1.1488e+01
        -nan           ,1.1494e+01
        -nan           ,1.1500e+01
        -nan           ,1.1506e+01
        -nan           ,1.1513e+01
        -nan           ,1.1519e+01
        -nan           ,1.1525e+01
        -nan           ,1.1531e+01
        -nan           ,1.1538e+01
        -nan           ,1.1544e+01
        -nan           ,1.1550e+01
        -nan           ,1.1556e+01
        -nan           ,1.1562e+01
        -nan           ,1.1569e+01
        -nan           ,1.1575e+01
        -nan           ,1.1581e+01
        -nan           ,1.1588e+01
        -nan           ,1.1594e+01
        -nan           ,1.1600e+01
        -nan           ,1.1606e+01
        -nan           ,1.1613e+01
        -nan           ,1.1619e+01
        -nan           ,1.1625e+01
        -nan           ,1.1631e+01
        -nan           ,1.1638e+01
        -nan           ,1.1644e+01
        -nan           ,1.1650e+01
        -nan           ,1.1656e+01
        -nan           ,1.1663e+01
        -nan           ,1.1669e+01
        -nan           ,1.1675e+01
        -nan           ,1.1681e+01
        -nan           ,1.1688e+01
        -nan           ,1.1694e+01
        -nan           ,1.1700e+01
        -nan           ,1.1706e+01
        -nan           ,1.1713e+01
        -nan           ,1.1719e+01
        -nan           ,1.1725e+01
        -nan           ,1.1731e+01
        -nan           ,1.1738e+01
        -nan           ,1.1744e+01
        -nan           ,1.1750e+01
        -nan           ,1.1756e+01
        -nan           ,1.1763e+01
        -nan           ,1.1769e+01
        -nan           ,1.1775e+01
        -nan           ,1.1781e+01
        -nan           ,1.1788e+01
        -nan           ,1.1794e+01
        -nan           ,1.1800e+01
        -nan           ,1.1806e+01
        -nan           ,1.1812e+01
        -nan           ,1.1819e+01
        -nan           ,1.1825e+01
        -nan           ,1.1831e+01
        -nan           ,1.1838e+01
        -nan           ,1.1844e+01
        -nan           ,1.1850e+01
        -nan           ,1.1856e+01
        -nan           ,1.1863e+01
        -nan           ,1.1869e+01
        -nan           ,1.1875e+01
        -nan           ,1.1881e+01
        -nan           ,1.1888e+01
        -nan           ,1.1894e+01
        -nan           ,1.1900e+01
        -nan           ,1.1906e+01
        -nan           ,1.1913e+01
        -nan           ,1.1919e+01
        -nan           ,1.1925e+01
        -nan           ,1.1931e+01
        -nan           ,1.1938e+01
        -nan           ,1.1944e+01
        -nan           ,1.1950e+01
        -nan           ,1.1956e+01
        -nan           ,1.1963e+01
        -nan           ,1.1969e+01
        -nan           ,1.1975e+01
        -nan           ,1.1981e+01
        -nan           ,1.1988e+01
        -nan           ,1.1994e+01
        -nan           ,1.2000e+01
        -nan           ,1.2006e+01
        -nan           ,1.2013e+01
        -nan           ,1.2019e+01
        -nan           ,1.2025e+01
        -nan           ,1.2031e+01
        -nan           ,1.2038e+01
        -nan           ,1.2044e+01
        -nan           ,1.2050e+01
        -nan           ,1.2056e+01
        -nan           ,1.2062e+01
        -nan           ,1.2069e+01
        -nan           ,1.2075e+01
        -nan           ,1.2081e+01
        -nan           ,1.2088e+01
        -nan           ,1.2094e+01
        -nan           ,1.2100e+01
        -nan           ,1.2106e+01
        -nan           ,1.2113e+01
        -nan           ,1.2119e+01
        -nan           ,1.2125e+01
        -nan           ,1.2131e+01
        -nan           ,1.2138e+01
        -nan           ,1.2144e+01
        -nan           ,1.2150e+01
        -nan           ,1.2156e+01
        -nan           ,1.2163e+01
        -nan           ,1.2169e+01
        -nan           ,1.2175e+01
        -nan           ,1.2181e+01
        -nan           ,1.2188e+01
        -nan           ,1.2194e+01
        -nan           ,1.2200e+01
        -nan           ,1.2206e+01
        -nan           ,1.2213e+01
        -nan           ,1.2219e+01
        -nan           ,1.2225e+01
        -nan           ,1.2231e+01
        -nan           ,1.2238e+01
        -nan           ,1.2244e+01
        -nan           ,1.2250e+01
        -nan           ,1.2256e+01
        -nan           ,1.2263e+01
        -nan           ,1.2269e+01
        -nan           ,1.2275e+01
        -nan           ,1.2281e+01
        -nan           ,1.2288e+01
        -nan           ,1.2294e+01
        -nan           ,1.2300e+01
        -nan           ,1.2306e+01
        -nan           ,1.2312e+01
        -nan           ,1.2319e+01
        -nan           ,1.2325e+01
        -nan           ,1.2331e+01
        -nan           ,1.2338e+01
        -nan           ,1.2344e+01
        -nan           ,1.2350e+01
        -nan           ,1.2356e+01
        -nan           ,1.2363e+01
        -nan           ,1.2369e+01
        -nan           ,1.2375e+01
        -nan           ,1.2381e+01
        -nan           ,1.2388e+01
        -nan           ,1.2394e+01
        -nan           ,1.2400e+01
        -nan           ,1.2406e+01
        -nan           ,1.2413e+01
        -nan           ,1.2419e+01
        -nan           ,1.2425e+01
        -nan           ,1.2431e+01
        -nan           ,1.2438e+01
        -nan           ,1.2444e+01
        -nan           ,1.2450e+01
        -nan           ,1.2456e+01
        -nan           ,1.2463e+01
        -nan           ,1.2469e+01
        -nan           ,1.2475e+01
        -nan           ,1.2481e+01
        -nan           ,1.2488e+01
        -nan           ,1.2494e+01
        -nan           ,1.2500e+01
        -nan           ,1.2506e+01
        -nan           ,1.2513e+01
        -nan           ,1.2519e+01
        -nan           ,1.2525e+01
        -nan           ,1.2531e+01
        -nan           ,1.2538e+01
        -nan           ,1.2544e+01
        -nan           ,1.2550e+01
        -nan           ,1.2556e+01
        -nan           ,1.2562e+01
        -nan           ,1.2569e+01
        -nan           ,1.2575e+01
        -nan           ,1.2581e+01
        -nan           ,1.2588e+01
        -nan           ,1.2594e+01
        -nan           ,1.2600e+01
        -nan           ,1.2606e+01
        -nan           ,1.2613e+01
        -nan           ,1.2619e+01
        -nan           ,1.2625e+01
        -nan           ,1.2631e+01
        -nan           ,1.2638e+01
        -nan           ,1.2644e+01
        -nan           ,1.2650e+01
        -nan           ,1.2656e+01
        -nan           ,1.2663e+01
        -nan           ,1.2669e+01
        -nan           ,1.2675e+01
        -nan           ,1.2681e+01
        -nan           ,1.2688e+01
        -nan           ,1.2694e+01
        -nan           ,1.2700e+01
        -nan           ,1.2706e+01
        -nan           ,1.2713e+01
        -nan           ,1.2719e+01
        -nan           ,1.2725e+01
        -nan           ,1.2731e+01
        -nan           ,1.2738e+01
        -nan           ,1.2744e+01
        -nan           ,1.2750e+01
        -nan           ,1.2756e+01
        -nan           ,1.2763e+01
        -nan           ,1.2769e+01
        -nan           ,1.2775e+01
        -nan           ,1.2781e+01
        -nan           ,1.2788e+01
        -nan           ,1.2794e+01
        -nan           ,1.2800e+01
        -nan           ,1.2806e+01
        -nan           ,1.2812e+01
        -nan           ,1.2819e+01
        -nan           ,1.2825e+01
        -nan           ,1.2831e+01
        -nan           ,1.2838e+01
        -nan           ,1.2844e+01
        -nan           ,1.2850e+01
        -nan           ,1.2856e+01
        -nan           ,1.2863e+01
        -nan           ,1.2869e+01
        -nan           ,1.2875e+01
        -nan           ,1.2881e+01
        -nan           ,1.2888e+01
        -nan           ,1.2894e+01
        -nan           ,1.2900e+01
        -nan           ,1.2906e+01
        -nan           ,1.2913e+01
        -nan           ,1.2919e+01
        -nan           ,1.2925e+01
        -nan           ,1.2931e+01
        -nan           ,1.2938e+01
        -nan           ,1.2944e+01
        -nan           ,1.2950e+01
        -nan           ,1.2956e+01
        -nan           ,1.2963e+01
        -nan           ,1.2969e+01
        -nan           ,1.2975e+01
        -nan           ,1.2981e+01
